amount,days_to_due,category,project_status,status
1935.2465823520763,47,Freelance,Delayed,PAID
4758.500101408589,12,Services,Completed,PAID
3686.770314875885,16,Maintenance,Delayed,OVERDUE
3033.4265725654795,24,Consulting,Completed,PAID
864.4913381679389,19,Services,Delayed,PAID
864.373149647393,8,Maintenance,PENDING,PAID
384.6096996241774,31,Services,In Progress,PAID
4344.263114297182,21,Freelance,In Progress,PAID
3045.4635575417233,17,Freelance,PENDING,PAID
3569.555631200623,23,Freelance,PENDING,PAID
200.86402204943198,37,Other,Completed,PAID
4852.558275593772,54,Other,Completed,CANCELLED
4178.968939922066,16,Consulting,Completed,PAID
1140.4616423235532,6,Freelance,Delayed,OVERDUE
990.942339314793,8,Maintenance,Completed,PAID
998.6820982818257,25,Services,PENDING,PAID
1590.7869905017349,18,Products,In Progress,OVERDUE
2671.306514997965,25,Maintenance,Delayed,PAID
2216.530591346367,12,Other,Completed,OVERDUE
1527.0227869704054,15,Other,Delayed,OVERDUE
3098.0791841396594,59,Maintenance,Delayed,OVERDUE
783.519917195005,26,Other,Completed,OVERDUE
1531.5087778225688,41,Freelance,Delayed,OVERDUE
1895.1730321390894,45,Consulting,In Progress,PAID
2334.742922663476,26,Services,PENDING,PAID
3947.362210825767,47,Consulting,PENDING,OVERDUE
1078.4015325759628,32,Services,In Progress,OVERDUE
2619.748748226697,10,Services,Delayed,OVERDUE
3002.831387424008,16,Consulting,Completed,CANCELLED
327.60702232798883,7,Maintenance,Delayed,PAID
3076.969774317048,17,Services,In Progress,PAID
935.5682060677285,23,Consulting,Delayed,PAID
418.75280562786963,26,Services,PENDING,PAID
4749.539132541333,21,Products,Delayed,PAID
4831.59696206534,22,Maintenance,In Progress,CANCELLED
4061.1470057706597,58,Freelance,PENDING,OVERDUE
1592.6074689495163,7,Services,Delayed,PAID
578.593358631281,14,Products,Delayed,OVERDUE
3452.741829909569,15,Freelance,PENDING,OVERDUE
2256.7472193240465,53,Freelance,Completed,OVERDUE
697.9873507394162,7,Services,PENDING,OVERDUE
2526.366859545224,9,Consulting,Completed,PAID
268.50375346457014,51,Services,In Progress,PAID
4555.6699701860325,48,Products,In Progress,OVERDUE
1368.0219098400828,8,Freelance,PENDING,OVERDUE
3346.3591933345115,50,Services,PENDING,CANCELLED
1627.3842728381137,59,Consulting,In Progress,PAID
2648.3333037712728,23,Services,Completed,PAID
2778.8803687820705,29,Maintenance,In Progress,CANCELLED
1005.7868320750825,18,Consulting,PENDING,PAID
4850.9646760463365,31,Products,In Progress,CANCELLED
3898.150834469461,30,Freelance,PENDING,PAID
4703.544813664526,52,Services,PENDING,OVERDUE
4484.6540170954795,39,Consulting,In Progress,CANCELLED
3029.7098961743172,35,Maintenance,Completed,CANCELLED
4617.183751613273,18,Consulting,Delayed,PAID
533.6132600544056,59,Other,In Progress,OVERDUE
1060.3160258538114,42,Maintenance,Delayed,PAID
321.61371566163655,39,Products,In Progress,PAID
1694.1186207399953,17,Freelance,Delayed,OVERDUE
2004.518719478462,14,Products,Completed,OVERDUE
1429.61025569209,31,Services,Completed,CANCELLED
4160.813794844454,24,Consulting,In Progress,PAID
1848.0913007985876,35,Other,PENDING,PAID
1476.5790974681656,44,Maintenance,Delayed,PAID
2759.2108074754174,45,Maintenance,PENDING,OVERDUE
790.5287023763369,34,Consulting,PENDING,PAID
4030.7652056947945,3,Other,PENDING,OVERDUE
465.298154030877,37,Consulting,Completed,PAID
4935.745989342535,43,Services,In Progress,CANCELLED
3883.9993695536214,40,Products,In Progress,CANCELLED
1073.7068395174447,26,Maintenance,Completed,OVERDUE
127.05837390565176,55,Services,Completed,OVERDUE
4095.7609994286872,23,Products,In Progress,OVERDUE
3563.600984853324,44,Services,PENDING,OVERDUE
3672.135123400838,39,Other,Delayed,OVERDUE
3879.2246987611343,15,Maintenance,Delayed,PAID
462.81879349704275,56,Consulting,Delayed,PAID
1856.4820698669357,49,Consulting,PENDING,OVERDUE
667.7583916731356,4,Products,In Progress,PAID
4329.206786790408,29,Freelance,Completed,OVERDUE
3154.160821455034,22,Other,In Progress,OVERDUE
1721.400321777981,25,Products,PENDING,PAID
411.4359164015158,13,Freelance,Completed,OVERDUE
1623.8133764067447,18,Services,PENDING,PAID
1693.3982779310604,33,Other,Delayed,PAID
3675.0702738565137,16,Services,Delayed,OVERDUE
3224.0316096405445,45,Maintenance,PENDING,OVERDUE
4447.342438624,42,Other,Completed,OVERDUE
2413.8531332935518,44,Freelance,Completed,OVERDUE
686.0118050976783,2,Maintenance,In Progress,PAID
3594.8994573926757,55,Consulting,Delayed,CANCELLED
3827.8467382227973,35,Freelance,In Progress,OVERDUE
2850.2582680905316,42,Products,In Progress,OVERDUE
3877.7391817773487,34,Consulting,PENDING,OVERDUE
2519.5984221855147,30,Consulting,PENDING,CANCELLED
2661.390863971771,59,Products,In Progress,OVERDUE
2194.9509899568934,55,Other,Delayed,OVERDUE
224.5537210460664,13,Consulting,PENDING,PAID
628.6679922671918,13,Freelance,In Progress,PAID
254.00300986499784,18,Maintenance,In Progress,PAID
3218.411015192524,32,Consulting,In Progress,CANCELLED
1640.3443072740008,32,Freelance,In Progress,PAID
2591.9963867070437,35,Services,In Progress,OVERDUE
4547.075722237856,59,Freelance,In Progress,OVERDUE
1321.5319228294873,39,Maintenance,PENDING,CANCELLED
2110.8763228745856,46,Freelance,Delayed,CANCELLED
3802.2005788609385,52,Products,In Progress,OVERDUE
1221.11101090895,29,Maintenance,Completed,OVERDUE
477.20155816108564,49,Other,PENDING,PAID
1519.7821192774634,29,Services,PENDING,PAID
889.9843075446216,53,Products,In Progress,PAID
4655.518496478608,44,Other,PENDING,OVERDUE
4059.789859865643,57,Freelance,In Progress,CANCELLED
3203.678406901075,16,Maintenance,Delayed,CANCELLED
4370.156891919817,56,Services,Delayed,CANCELLED
4037.993176805661,44,Products,PENDING,CANCELLED
1014.1932885415756,47,Other,PENDING,OVERDUE
4473.539092600891,57,Other,Completed,CANCELLED
2742.7769853866885,10,Services,PENDING,OVERDUE
4056.4567603039063,30,Freelance,Completed,PAID
4490.847369625117,25,Services,Delayed,PAID
1658.217027362133,39,Other,Delayed,OVERDUE
639.2544301856161,20,Consulting,In Progress,PAID
1216.8822964555143,5,Products,Delayed,OVERDUE
2192.828164268656,1,Services,Completed,PAID
4108.2723530202165,30,Other,PENDING,PAID
4317.579857956083,49,Freelance,In Progress,CANCELLED
134.06543960283443,3,Other,Completed,PAID
2602.661782630072,45,Freelance,PENDING,OVERDUE
2145.313915429017,14,Services,In Progress,PAID
1188.3282713065782,56,Freelance,Delayed,OVERDUE
687.3402999350458,30,Maintenance,Completed,PAID
1754.314339877777,50,Maintenance,PENDING,CANCELLED
4720.257549171344,4,Maintenance,In Progress,PAID
1683.6943669017007,18,Consulting,In Progress,CANCELLED
2642.0740465424938,37,Services,Delayed,CANCELLED
3544.7928985863714,25,Other,PENDING,PAID
1881.7850516585404,48,Other,Delayed,PAID
4861.732205332707,1,Consulting,Delayed,PAID
4815.991745216345,53,Freelance,PENDING,OVERDUE
1333.7332495442843,46,Consulting,PENDING,PAID
2536.5176788726885,15,Freelance,PENDING,PAID
1574.3037181021714,9,Freelance,Completed,PAID
1495.7184224495913,15,Products,PENDING,PAID
280.7460420372107,49,Other,In Progress,PAID
3086.8652365014946,57,Maintenance,Delayed,OVERDUE
2563.1272138214213,24,Freelance,Completed,CANCELLED
352.2458811249478,4,Products,PENDING,PAID
1465.367674759396,12,Other,Completed,PAID
4550.502841236603,59,Maintenance,PENDING,OVERDUE
1273.8532642681648,58,Freelance,Completed,OVERDUE
809.9848732469932,37,Freelance,Delayed,CANCELLED
2498.3185253600586,37,Consulting,Delayed,CANCELLED
4929.687225141944,43,Consulting,In Progress,CANCELLED
1286.0708304063521,6,Other,In Progress,PAID
3393.4641822888047,39,Maintenance,PENDING,CANCELLED
3831.936115110716,56,Freelance,Delayed,CANCELLED
1264.4239655627584,46,Other,Completed,PAID
3668.260108198112,24,Other,Completed,CANCELLED
1902.1373503243408,11,Services,Completed,PAID
3198.2985699085393,13,Consulting,In Progress,OVERDUE
3204.295582728384,34,Maintenance,Completed,OVERDUE
2725.2959519663164,25,Freelance,In Progress,PAID
542.4198732666007,7,Other,In Progress,OVERDUE
4192.982228387265,52,Freelance,PENDING,OVERDUE
1671.8223183615055,4,Services,Completed,PAID
1013.9407009592858,59,Maintenance,Completed,PAID
299.7981936183432,8,Other,Delayed,PAID
2995.3754216223847,20,Freelance,PENDING,PAID
3420.065373027184,29,Consulting,Delayed,PAID
181.28036174649515,54,Services,PENDING,OVERDUE
2609.2559856664766,53,Maintenance,Completed,CANCELLED
1209.829298469896,51,Services,In Progress,PAID
3261.346673006304,45,Consulting,In Progress,CANCELLED
954.3955021244581,46,Maintenance,In Progress,OVERDUE
3485.594916702083,10,Services,In Progress,OVERDUE
1995.0031968726332,43,Products,In Progress,PAID
4689.976944809999,34,Consulting,Delayed,OVERDUE
773.8526263153669,57,Consulting,PENDING,PAID
1771.2251201462666,26,Consulting,Completed,PAID
656.0202540788864,41,Products,Delayed,PAID
4630.998729564958,49,Products,PENDING,OVERDUE
4398.962831566807,58,Freelance,In Progress,OVERDUE
1363.9139758042625,3,Other,PENDING,PAID
3333.9218255674773,56,Services,PENDING,OVERDUE
4104.388780985957,6,Freelance,In Progress,OVERDUE
2820.4839768373654,5,Services,In Progress,PAID
2695.287833944432,5,Other,In Progress,PAID
1285.0762254122133,54,Products,Completed,OVERDUE
556.2035622489061,47,Other,In Progress,PAID
4496.3572139713015,23,Products,Completed,OVERDUE
4512.0484801003195,49,Other,In Progress,CANCELLED
3202.197140639013,9,Freelance,Completed,PAID
1761.2459761386333,35,Maintenance,PENDING,OVERDUE
1811.1269156020383,20,Freelance,Delayed,PAID
3657.182826464173,58,Services,PENDING,OVERDUE
4495.840273767628,49,Freelance,PENDING,OVERDUE
4446.7234788990745,59,Consulting,In Progress,OVERDUE
3921.390174702357,42,Services,Completed,CANCELLED
3245.95506615601,35,Other,Delayed,OVERDUE
512.2858284757392,50,Services,In Progress,PAID
891.9806990636075,18,Maintenance,In Progress,PAID
4502.915523782688,17,Products,In Progress,PAID
3071.5023923319904,24,Other,PENDING,PAID
145.06555292148528,3,Services,Completed,PAID
597.2105600435573,32,Other,Completed,OVERDUE
3351.1586686294736,35,Other,Delayed,OVERDUE
124.80176084647157,38,Other,Completed,PAID
887.9594519457434,13,Products,Completed,PAID
2788.795567896272,56,Freelance,In Progress,OVERDUE
3490.286468694197,47,Other,In Progress,CANCELLED
3294.6101715627424,25,Consulting,PENDING,PAID
1198.9196163567428,9,Maintenance,In Progress,PAID
3589.6781846029257,4,Products,In Progress,PAID
1262.5205287343204,14,Services,In Progress,OVERDUE
1694.4585209804118,37,Products,In Progress,OVERDUE
3757.807885078318,34,Services,PENDING,OVERDUE
3283.201205331352,11,Products,In Progress,OVERDUE
4261.194711421472,41,Services,Delayed,OVERDUE
3322.3031722716823,56,Other,Delayed,CANCELLED
2884.712156343811,3,Freelance,Delayed,OVERDUE
559.0063623576532,59,Services,Delayed,PAID
1901.8074349912242,28,Services,In Progress,PAID
1399.4916016404547,29,Consulting,Delayed,PAID
1295.5492525575096,9,Services,In Progress,PAID
4867.751718286983,3,Consulting,PENDING,CANCELLED
2026.178850867126,25,Maintenance,Delayed,PAID
4471.028120367855,34,Other,Completed,OVERDUE
3192.579267386588,12,Consulting,Delayed,OVERDUE
3994.575387354077,42,Freelance,Delayed,OVERDUE
2562.9217562154413,9,Other,In Progress,PAID
2926.8290346691597,15,Consulting,Delayed,PAID
2513.336699712433,40,Other,Completed,OVERDUE
1056.690640210418,25,Other,In Progress,OVERDUE
3640.015364781376,5,Other,In Progress,PAID
1475.7845759601935,11,Maintenance,PENDING,PAID
219.14823551412383,59,Freelance,PENDING,PAID
3262.8142499451224,34,Products,Delayed,OVERDUE
967.8423290945399,24,Products,PENDING,OVERDUE
4708.24706332928,15,Consulting,PENDING,PAID
4774.250027312678,38,Other,PENDING,OVERDUE
4582.835512080198,8,Consulting,In Progress,CANCELLED
1913.7776312516776,59,Maintenance,In Progress,OVERDUE
175.7374209914504,5,Maintenance,In Progress,PAID
4648.760956679855,48,Services,PENDING,OVERDUE
2198.1023267548403,26,Maintenance,In Progress,OVERDUE
4836.608613313981,18,Services,PENDING,OVERDUE
4821.7378877373385,6,Freelance,In Progress,PAID
4279.746331790065,37,Consulting,In Progress,CANCELLED
1542.7995711409699,48,Freelance,Completed,PAID
1986.9788701494338,13,Maintenance,Delayed,PAID
4270.569690432599,28,Freelance,PENDING,PAID
1652.9178252657605,5,Freelance,Completed,PAID
930.5144587618532,13,Freelance,In Progress,OVERDUE
2828.3261860459156,17,Maintenance,PENDING,PAID
4687.158393387826,50,Other,In Progress,OVERDUE
3510.5460037073676,40,Freelance,Delayed,CANCELLED
2893.2997334378883,45,Services,Completed,OVERDUE
576.1648194767658,32,Maintenance,Delayed,PAID
3113.5354108259316,29,Freelance,Completed,PAID
4951.26386551089,51,Other,In Progress,OVERDUE
786.4116746589677,58,Maintenance,Delayed,PAID
2639.81529658231,3,Products,Delayed,OVERDUE
4399.128052446981,56,Other,In Progress,OVERDUE
3729.7662269956018,40,Services,Delayed,OVERDUE
3515.377130876813,34,Freelance,PENDING,CANCELLED
3542.1720115368353,40,Products,Completed,OVERDUE
1861.5066409768003,27,Products,Completed,PAID
1538.6000368960174,13,Maintenance,Completed,PAID
4065.8696618447166,45,Products,PENDING,OVERDUE
4069.5556339279856,33,Services,Completed,OVERDUE
4348.654361042508,6,Services,In Progress,PAID
4574.878707526709,24,Consulting,Delayed,PAID
2605.5777544185953,19,Services,PENDING,CANCELLED
2557.429843967278,16,Other,Completed,PAID
4011.646376937198,40,Products,In Progress,CANCELLED
3284.8232608110493,28,Services,Delayed,PAID
3539.637698562746,33,Maintenance,Delayed,CANCELLED
3999.384080236895,59,Consulting,PENDING,OVERDUE
4461.026174906075,59,Products,PENDING,CANCELLED
1756.1762685725255,48,Consulting,PENDING,PAID
1940.3564679357257,41,Products,In Progress,PAID
560.5115052202581,13,Maintenance,In Progress,PAID
2933.5726908812526,43,Consulting,PENDING,CANCELLED
276.1171416040362,45,Freelance,Completed,PAID
2381.4302888490547,25,Other,Delayed,PAID
2758.9587100671256,53,Other,Delayed,OVERDUE
1504.0521354285936,42,Products,In Progress,PAID
2995.082976788153,36,Freelance,Delayed,OVERDUE
249.4512247013422,27,Consulting,Completed,PAID
283.00612487115063,38,Freelance,Delayed,OVERDUE
4130.742747232325,7,Freelance,In Progress,OVERDUE
1864.9341429151882,5,Consulting,In Progress,CANCELLED
722.5965119942355,43,Maintenance,Completed,PAID
2658.9919742685415,45,Freelance,Completed,CANCELLED
3872.968410183193,58,Freelance,Delayed,CANCELLED
1157.5230347345316,57,Maintenance,Delayed,OVERDUE
3152.163331513101,51,Freelance,In Progress,OVERDUE
518.2025784694631,31,Freelance,Completed,PAID
353.2404337261777,23,Freelance,Completed,PAID
2703.637694683925,42,Other,Completed,OVERDUE
2749.112095889522,10,Services,Delayed,PAID
3223.4065173412123,32,Maintenance,Completed,OVERDUE
3657.8475352410414,43,Freelance,In Progress,CANCELLED
4881.6751893664195,53,Other,In Progress,CANCELLED
2629.8717066758572,30,Maintenance,Delayed,CANCELLED
1682.4867174121052,39,Products,PENDING,OVERDUE
3996.412354366648,31,Products,Delayed,OVERDUE
1427.0780311841636,18,Freelance,PENDING,PAID
2250.959961457617,36,Other,Completed,OVERDUE
484.4362685771032,2,Other,Delayed,PAID
224.2186427357418,14,Maintenance,In Progress,PAID
4816.977231921833,13,Maintenance,Completed,PAID
4196.302590509808,29,Other,In Progress,PAID
3510.27360985912,12,Maintenance,Completed,CANCELLED
2103.8694276299225,39,Other,Delayed,OVERDUE
949.1421683471443,2,Services,PENDING,OVERDUE
866.5415090883216,32,Other,Completed,OVERDUE
1326.190201006517,13,Products,PENDING,PAID
2791.2106570599904,46,Maintenance,Completed,OVERDUE
3601.5200212303052,27,Other,In Progress,PAID
3334.967145916883,49,Other,In Progress,OVERDUE
1471.67609503512,41,Maintenance,Completed,OVERDUE
4778.839875249651,17,Services,PENDING,PAID
3715.6948918092658,40,Services,Delayed,OVERDUE
2816.3348573058634,31,Maintenance,Delayed,OVERDUE
3097.431656548326,34,Consulting,In Progress,CANCELLED
2156.0403058961706,24,Maintenance,Delayed,OVERDUE
1313.8818485556715,45,Maintenance,In Progress,OVERDUE
1844.2661253911817,35,Services,Delayed,PAID
3813.4459412754086,48,Services,Completed,CANCELLED
170.52809428580377,6,Maintenance,In Progress,PAID
668.7559384838895,19,Maintenance,In Progress,OVERDUE
325.41294590658845,30,Maintenance,Completed,OVERDUE
299.5711313629537,7,Services,In Progress,PAID
4291.756861653936,10,Maintenance,Delayed,CANCELLED
3547.923510962116,41,Maintenance,Delayed,CANCELLED
2423.4517625278936,32,Freelance,In Progress,OVERDUE
579.3873871899073,34,Consulting,Delayed,PAID
2508.9177880724787,28,Products,PENDING,CANCELLED
2420.0116768247717,15,Consulting,In Progress,PAID
948.6891625590744,30,Freelance,Completed,PAID
2225.873081266068,37,Products,PENDING,CANCELLED
2052.6731985471297,29,Maintenance,In Progress,PAID
3117.6654804558607,22,Freelance,Completed,PAID
3211.958889251455,4,Maintenance,Delayed,PAID
321.98964788301816,20,Services,Completed,PAID
1935.601811669709,32,Other,PENDING,PAID
3166.7135869997583,36,Freelance,Delayed,OVERDUE
2565.3676670424297,50,Services,In Progress,OVERDUE
4296.800221822779,4,Freelance,Delayed,PAID
3327.5987949328305,27,Freelance,In Progress,OVERDUE
898.3786926990055,17,Services,In Progress,OVERDUE
445.78686226210624,12,Products,Completed,PAID
3247.8544632109465,22,Consulting,Completed,OVERDUE
229.9054216539469,17,Maintenance,Completed,PAID
2970.30034823997,10,Freelance,PENDING,PAID
4707.128182982292,54,Maintenance,PENDING,OVERDUE
2919.823471591807,1,Other,Completed,CANCELLED
2002.0326384119574,22,Services,PENDING,PAID
3252.1122703675305,26,Maintenance,Delayed,PAID
2345.4391634084313,56,Services,Delayed,OVERDUE
2773.522267648081,59,Maintenance,PENDING,OVERDUE
4713.177563004973,18,Consulting,PENDING,PAID
1991.9029252237938,50,Consulting,Delayed,PAID
4809.833762737179,14,Consulting,In Progress,OVERDUE
4536.218145584712,47,Consulting,Delayed,CANCELLED
1059.3765604675525,29,Consulting,Delayed,PAID
439.8703742883107,12,Consulting,PENDING,PAID
593.8122067493906,36,Services,Delayed,PAID
189.28694569259366,59,Freelance,PENDING,PAID
562.7705077040491,35,Maintenance,PENDING,PAID
3446.7331897401486,52,Consulting,Completed,OVERDUE
448.82437745512203,12,Services,Delayed,PAID
1662.9805884394304,7,Services,In Progress,PAID
4239.889023750327,29,Services,Completed,PAID
214.03248510554675,11,Freelance,PENDING,PAID
4090.8955646857853,33,Maintenance,PENDING,OVERDUE
1481.0883963896597,6,Freelance,In Progress,OVERDUE
679.0076553461156,47,Products,PENDING,PAID
3514.012110284338,15,Services,Delayed,CANCELLED
3181.8199492214317,32,Products,Completed,OVERDUE
4399.6128662825595,51,Other,PENDING,CANCELLED
3701.8481146390404,11,Consulting,PENDING,OVERDUE
4037.056558885758,58,Consulting,In Progress,OVERDUE
1481.9694055994019,23,Freelance,Delayed,PAID
969.4537645206418,26,Maintenance,PENDING,OVERDUE
3778.012283040206,34,Products,In Progress,OVERDUE
4053.4902224095936,46,Maintenance,PENDING,CANCELLED
4953.475195803299,34,Freelance,In Progress,OVERDUE
2121.8266168659898,29,Consulting,In Progress,CANCELLED
1922.8886203846375,4,Maintenance,Delayed,PAID
3904.4235076357845,17,Maintenance,PENDING,OVERDUE
1769.9373472397874,35,Consulting,Delayed,OVERDUE
4660.710895457467,13,Products,In Progress,OVERDUE
4306.222484030758,41,Consulting,Completed,OVERDUE
2202.07073413759,39,Maintenance,PENDING,OVERDUE
3779.2682321783373,15,Products,Completed,PAID
3797.2600830149436,55,Products,PENDING,CANCELLED
605.3069572960698,29,Consulting,Delayed,PAID
4522.509242729877,29,Maintenance,Delayed,OVERDUE
2575.7366249945,11,Freelance,Delayed,PAID
4149.641583927934,52,Maintenance,Delayed,CANCELLED
1668.2430450499976,32,Services,Delayed,OVERDUE
4488.063819631382,2,Other,Completed,OVERDUE
2007.0882257973992,47,Freelance,Delayed,OVERDUE
153.10449225346196,14,Products,In Progress,PAID
4536.3716844543915,20,Freelance,In Progress,CANCELLED
547.3047162520545,22,Products,Completed,PAID
1664.636824193033,11,Products,PENDING,PAID
4755.303638548944,27,Freelance,In Progress,OVERDUE
4757.9750199940245,3,Products,PENDING,OVERDUE
2909.845651804102,17,Products,Completed,PAID
3196.0023396320166,44,Services,PENDING,OVERDUE
2297.3830576937667,56,Maintenance,PENDING,CANCELLED
1536.732781320516,28,Maintenance,PENDING,PAID
1710.4562723125882,29,Other,PENDING,CANCELLED
3395.340434777488,21,Other,Completed,PAID
3786.635194244632,47,Services,In Progress,OVERDUE
3978.737314256658,16,Other,Delayed,PAID
3969.128899693314,37,Freelance,PENDING,OVERDUE
546.9099049385828,59,Consulting,In Progress,CANCELLED
2522.659493042649,20,Consulting,In Progress,PAID
382.037924081557,6,Consulting,Completed,PAID
2792.691523386304,19,Services,In Progress,PAID
2263.4994567295475,57,Services,Completed,OVERDUE
4449.750495515669,5,Products,PENDING,PAID
1819.4835615051857,3,Consulting,PENDING,PAID
673.6283804952687,59,Freelance,Delayed,PAID
800.6592420588956,1,Other,Delayed,OVERDUE
3831.402095415614,58,Freelance,Delayed,OVERDUE
3129.2685102496794,38,Other,In Progress,OVERDUE
595.5011130016721,15,Consulting,PENDING,PAID
512.1233499634875,34,Consulting,Completed,OVERDUE
3534.748744149688,35,Consulting,Delayed,OVERDUE
456.5387311845483,49,Services,Completed,PAID
4127.114290522745,25,Other,Completed,PAID
3560.5869130668316,24,Services,Delayed,CANCELLED
498.60902514530886,12,Services,PENDING,PAID
515.7047990174403,18,Maintenance,Delayed,OVERDUE
4934.533934655759,15,Freelance,Completed,PAID
1933.9268992049895,44,Freelance,Delayed,PAID
1916.1465206277655,16,Products,Completed,OVERDUE
4082.7178795617624,27,Services,Completed,PAID
4741.518029180907,8,Other,Delayed,OVERDUE
4931.405212732067,46,Maintenance,In Progress,CANCELLED
3791.553107768814,25,Maintenance,Delayed,OVERDUE
1943.6719691014873,17,Freelance,In Progress,PAID
509.15351182347695,29,Services,Completed,OVERDUE
3908.0198880444404,53,Products,Completed,OVERDUE
2836.1808237054447,8,Services,In Progress,OVERDUE
2178.687845310184,15,Consulting,Completed,OVERDUE
4541.136486964207,27,Services,In Progress,OVERDUE
644.8676633001415,46,Consulting,In Progress,PAID
2513.8630110252097,50,Consulting,Completed,OVERDUE
155.63285936035345,52,Products,PENDING,PAID
2396.4371457712186,7,Other,In Progress,OVERDUE
375.886050841003,3,Freelance,Delayed,PAID
682.2077897135524,29,Services,Delayed,PAID
675.878609207814,44,Consulting,Completed,OVERDUE
3281.1304803687117,53,Services,PENDING,OVERDUE
3755.6199084005743,24,Other,Completed,PAID
2958.506948976082,58,Freelance,PENDING,OVERDUE
4814.645487525256,3,Other,In Progress,PAID
1936.86583966615,20,Freelance,In Progress,PAID
1499.9892227811176,46,Maintenance,In Progress,PAID
4356.135728128355,15,Freelance,In Progress,PAID
1195.619608745318,25,Products,Delayed,PAID
4819.790443258996,30,Other,Delayed,OVERDUE
159.55692598010006,14,Consulting,Completed,PAID
4852.4062508674315,7,Maintenance,PENDING,PAID
311.483568557823,17,Products,In Progress,OVERDUE
4466.601257120548,44,Services,In Progress,OVERDUE
2685.735434522869,20,Other,PENDING,PAID
4965.527500984572,36,Consulting,PENDING,CANCELLED
461.6031672034544,9,Freelance,Completed,OVERDUE
2813.885993566472,38,Consulting,PENDING,CANCELLED
4849.582424533585,48,Services,In Progress,CANCELLED
2663.1794364337293,57,Maintenance,In Progress,CANCELLED
3184.0533268627864,22,Maintenance,In Progress,PAID
3509.168576024624,54,Other,In Progress,CANCELLED
2327.251217362089,53,Maintenance,In Progress,OVERDUE
3175.034592411911,53,Other,Completed,CANCELLED
2963.140128423191,2,Other,In Progress,PAID
4515.674251405846,24,Other,Completed,PAID
322.68726367314355,8,Freelance,In Progress,PAID
1476.7196290019285,11,Products,Delayed,OVERDUE
4757.016271975138,13,Other,Delayed,PAID
4462.29254106549,17,Other,Delayed,OVERDUE
2332.718088649993,8,Products,Delayed,OVERDUE
3138.64972922753,21,Consulting,Completed,PAID
1459.1677966075501,18,Other,Completed,OVERDUE
1021.7936826464304,30,Freelance,PENDING,OVERDUE
2372.1221842059126,18,Maintenance,In Progress,OVERDUE
1831.425917327659,46,Maintenance,Delayed,PAID
2959.914948069273,47,Services,Completed,OVERDUE
480.8997211284257,31,Services,In Progress,PAID
4874.534557564216,38,Maintenance,In Progress,OVERDUE
4932.432647950054,32,Maintenance,Completed,CANCELLED
3520.992398696751,11,Freelance,Delayed,PAID
2726.87219508619,45,Products,PENDING,CANCELLED
1616.685319803006,25,Services,In Progress,PAID
4087.5955965640487,33,Products,PENDING,OVERDUE
3455.1827455140083,38,Freelance,Delayed,CANCELLED
896.8230027899674,41,Maintenance,Delayed,OVERDUE
4563.543204019828,8,Other,PENDING,PAID
4130.432490323528,11,Products,Delayed,PAID
4754.019575130428,22,Maintenance,In Progress,PAID
3656.025591102964,51,Maintenance,PENDING,OVERDUE
3105.7344600853703,24,Consulting,Delayed,PAID
2149.3908778240325,41,Products,PENDING,OVERDUE
4670.369568434665,17,Other,In Progress,PAID
4343.713058552001,12,Products,Delayed,OVERDUE
321.5714835203281,57,Maintenance,In Progress,PAID
229.19817503653482,46,Other,Delayed,PAID
1944.670497702443,32,Freelance,Completed,PAID
4071.711320830981,15,Consulting,Delayed,OVERDUE
4937.653033643228,16,Maintenance,PENDING,OVERDUE
837.0427664072881,54,Services,Delayed,PAID
3011.240505225462,22,Services,In Progress,OVERDUE
1966.3651974920053,28,Consulting,In Progress,PAID
4852.580549291556,20,Freelance,Delayed,PAID
4226.382723364973,33,Maintenance,PENDING,OVERDUE
4207.810653084575,10,Products,Completed,PAID
2396.5964829953546,40,Consulting,PENDING,CANCELLED
2132.6155614545596,32,Freelance,Completed,CANCELLED
1439.6946524604605,50,Products,In Progress,PAID
376.2399335895429,33,Services,PENDING,PAID
4337.139643649761,2,Services,Completed,PAID
4083.21494473738,33,Products,Delayed,OVERDUE
4998.61659910204,33,Consulting,In Progress,OVERDUE
4983.520501662137,41,Services,Delayed,OVERDUE
2821.6153574528744,13,Maintenance,In Progress,PAID
3868.0383343845015,30,Other,PENDING,PAID
4729.352076423897,33,Products,PENDING,OVERDUE
4263.272214319316,13,Products,In Progress,PAID
1312.0056985416686,52,Services,In Progress,OVERDUE
2307.6662630194583,26,Consulting,In Progress,PAID
732.8811342423254,22,Maintenance,PENDING,CANCELLED
4774.85003356774,39,Consulting,Completed,OVERDUE
3070.255708809312,2,Freelance,Delayed,OVERDUE
1220.3497469669674,38,Freelance,Delayed,OVERDUE
3391.333353588698,39,Other,PENDING,OVERDUE
3128.8283782436897,26,Services,Delayed,PAID
1854.9973183609184,46,Services,In Progress,OVERDUE
656.4322017781822,58,Services,Completed,PAID
3390.708658404718,50,Other,Delayed,OVERDUE
2649.5077344285874,15,Freelance,Completed,PAID
3884.3601195046326,34,Consulting,In Progress,OVERDUE
2648.8011554487675,42,Other,Delayed,OVERDUE
4275.689351560846,55,Other,PENDING,CANCELLED
2804.3435099949793,44,Consulting,Completed,OVERDUE
2848.5960605233927,49,Services,In Progress,OVERDUE
4395.6026530258905,40,Maintenance,Completed,CANCELLED
2077.066044440746,11,Consulting,Delayed,PAID
756.6746194081396,3,Freelance,Delayed,CANCELLED
241.03511393536095,59,Products,PENDING,PAID
3800.1725528007332,6,Products,In Progress,PAID
3139.5168016319767,9,Other,In Progress,OVERDUE
3549.9908636861956,6,Products,PENDING,OVERDUE
1143.5243913936627,9,Maintenance,PENDING,OVERDUE
768.2202303751718,39,Services,In Progress,CANCELLED
171.26886177262145,31,Freelance,Completed,PAID
1817.8790381523252,32,Maintenance,Completed,OVERDUE
2990.5966655877023,41,Freelance,PENDING,CANCELLED
2021.9958209886884,50,Freelance,Completed,OVERDUE
2243.6271179162723,12,Services,In Progress,PAID
4530.377603019368,8,Other,Delayed,OVERDUE
1806.4517884141717,8,Products,Delayed,PAID
2618.548496883073,50,Services,Completed,CANCELLED
3939.899762431601,28,Maintenance,PENDING,OVERDUE
2043.0596333742237,20,Other,PENDING,OVERDUE
3148.22483111658,47,Maintenance,PENDING,OVERDUE
4325.582172859052,59,Other,PENDING,CANCELLED
4752.651055922446,7,Maintenance,PENDING,PAID
820.6600565522859,11,Services,Completed,OVERDUE
4640.279363291323,20,Other,Delayed,PAID
2511.369836089737,16,Other,Delayed,PAID
1365.397502664896,4,Freelance,Completed,PAID
2349.7652055674803,6,Freelance,PENDING,PAID
4902.159618898838,58,Consulting,Completed,OVERDUE
2513.828660565061,22,Maintenance,Delayed,OVERDUE
1710.8828904087902,26,Freelance,In Progress,PAID
3203.664186151956,3,Consulting,Completed,PAID
1276.713532013146,41,Freelance,PENDING,PAID
471.7303077324532,42,Maintenance,Delayed,PAID
731.5106373621812,14,Other,Delayed,OVERDUE
727.424610893085,11,Products,Delayed,PAID
844.3231982102424,18,Maintenance,Delayed,PAID
780.2531459821097,54,Services,PENDING,PAID
3240.2862495357517,12,Freelance,In Progress,PAID
991.2124135558097,23,Freelance,Delayed,PAID
1793.7696882869297,12,Other,Completed,PAID
4494.263208539458,13,Services,In Progress,OVERDUE
2422.4120372880743,25,Other,Delayed,OVERDUE
3371.0329187530333,45,Services,In Progress,OVERDUE
944.3673688879862,51,Products,Completed,CANCELLED
1042.2161921624868,58,Freelance,Delayed,PAID
300.2562197057464,19,Freelance,Completed,PAID
927.7818090536063,55,Products,PENDING,CANCELLED
1465.0926612565972,46,Consulting,Delayed,PAID
967.3513729560594,36,Other,Delayed,CANCELLED
534.6424154095725,45,Products,Delayed,PAID
691.115768392944,8,Other,Delayed,PAID
2357.8159633603564,29,Maintenance,PENDING,PAID
1111.0352201883834,55,Freelance,Delayed,OVERDUE
1884.9223191355698,53,Other,In Progress,OVERDUE
2566.744627188799,55,Services,Delayed,CANCELLED
3482.93466028389,32,Other,PENDING,OVERDUE
292.6294852213848,51,Maintenance,Delayed,PAID
4017.110954654309,44,Freelance,In Progress,OVERDUE
3176.711908505448,18,Products,PENDING,PAID
500.61925654947237,6,Maintenance,PENDING,CANCELLED
4380.535258123208,18,Freelance,In Progress,PAID
4612.2747626058845,19,Other,In Progress,OVERDUE
399.28200328883236,22,Consulting,In Progress,PAID
1456.7004759212982,37,Consulting,In Progress,PAID
4050.3862709860005,32,Services,In Progress,OVERDUE
3766.472482879926,56,Freelance,PENDING,OVERDUE
1004.1529948462489,41,Consulting,PENDING,PAID
1125.8116843498806,59,Products,Delayed,PAID
1915.3133036777717,3,Freelance,Delayed,PAID
2474.1626274360046,28,Products,Completed,PAID
3129.44838049845,10,Products,Delayed,PAID
1907.6768338918848,51,Consulting,Delayed,PAID
2366.420109052425,35,Freelance,In Progress,OVERDUE
3762.607596855407,29,Other,In Progress,OVERDUE
279.74769416392974,54,Maintenance,Delayed,PAID
1336.9410272857017,15,Consulting,Completed,PAID
3595.412970834307,33,Consulting,In Progress,OVERDUE
4486.513504667277,7,Other,Delayed,OVERDUE
2607.219466366764,12,Freelance,Delayed,PAID
2707.356077800047,49,Freelance,PENDING,OVERDUE
625.1428555649027,30,Products,Completed,PAID
2292.3205974349275,21,Other,PENDING,PAID
2709.8246056296134,31,Other,Completed,OVERDUE
1288.1054678101752,58,Freelance,In Progress,PAID
1419.2918316519667,24,Products,Completed,OVERDUE
1948.692399212651,20,Consulting,Delayed,PAID
198.3488691108592,37,Services,Delayed,PAID
1678.1879113575735,4,Maintenance,Completed,OVERDUE
1136.0952342830687,28,Consulting,Completed,PAID
1704.7370256717818,44,Freelance,Completed,OVERDUE
686.834445914331,20,Maintenance,PENDING,PAID
4463.583675625485,24,Services,Completed,PAID
3008.6030224148385,50,Services,In Progress,CANCELLED
3427.601363807999,49,Products,PENDING,OVERDUE
3966.9390691759577,51,Maintenance,PENDING,OVERDUE
2542.3667747523805,32,Products,Completed,OVERDUE
525.9094116283761,41,Consulting,In Progress,PAID
2731.822054910884,36,Other,PENDING,CANCELLED
2975.5214783023075,58,Other,Delayed,CANCELLED
3752.653423503217,53,Other,PENDING,CANCELLED
2215.131776525429,34,Maintenance,Completed,CANCELLED
725.1434836982625,36,Other,In Progress,PAID
1490.50193841375,2,Consulting,Completed,PAID
1879.103252353312,15,Products,Delayed,PAID
3264.994482524846,34,Maintenance,Delayed,OVERDUE
2896.813692877668,36,Products,Delayed,OVERDUE
1844.8739568994465,6,Maintenance,Completed,CANCELLED
4933.9247190856,39,Products,PENDING,OVERDUE
3068.296614848747,42,Services,Completed,OVERDUE
1262.411279506373,51,Products,In Progress,PAID
598.7341158399784,51,Other,PENDING,OVERDUE
849.009782003227,58,Services,Delayed,OVERDUE
1305.1928690840898,54,Products,Completed,PAID
887.3387289718228,12,Maintenance,Delayed,PAID
1014.1784178513982,3,Maintenance,Delayed,OVERDUE
1496.9663265998508,45,Maintenance,In Progress,PAID
949.5306169442987,18,Freelance,PENDING,PAID
4494.150580669483,40,Consulting,In Progress,OVERDUE
493.14535374204684,21,Maintenance,In Progress,PAID
2670.1058088942477,15,Services,In Progress,PAID
2110.9444522493413,33,Maintenance,Delayed,CANCELLED
4913.655222852171,35,Freelance,In Progress,CANCELLED
648.9906206234565,26,Other,In Progress,PAID
2049.492435324134,8,Services,PENDING,CANCELLED
4850.405123049308,36,Freelance,PENDING,CANCELLED
4340.984916880503,48,Other,In Progress,CANCELLED
4103.653147651472,30,Services,PENDING,OVERDUE
1363.7238525202051,23,Products,PENDING,PAID
937.3491782113225,42,Consulting,In Progress,PAID
3376.3517776297117,44,Consulting,Delayed,OVERDUE
4653.94234672517,14,Freelance,In Progress,PAID
2828.138175768256,14,Other,PENDING,PAID
2900.9021784025094,2,Consulting,Delayed,OVERDUE
1471.8975589353925,55,Other,Completed,OVERDUE
3870.515372640491,37,Other,Delayed,OVERDUE
1016.5143679318645,5,Freelance,PENDING,OVERDUE
1686.0282583807941,38,Freelance,Delayed,OVERDUE
2184.638549220442,45,Freelance,In Progress,OVERDUE
2587.2908555538297,41,Consulting,Completed,OVERDUE
1287.807688833893,54,Freelance,Completed,PAID
662.7004412220973,47,Consulting,Completed,OVERDUE
3092.038207964,14,Freelance,PENDING,PAID
1514.2897108772534,56,Maintenance,PENDING,OVERDUE
2948.0672849708003,39,Other,Completed,OVERDUE
856.3773048435913,25,Freelance,Delayed,OVERDUE
2457.5864990886057,20,Services,Completed,OVERDUE
2709.6882195027706,2,Other,Delayed,OVERDUE
353.93533042989185,39,Other,Delayed,OVERDUE
1749.3609631502109,6,Freelance,PENDING,OVERDUE
758.6319170009738,17,Products,Delayed,CANCELLED
410.53735531656196,59,Freelance,Completed,OVERDUE
4950.805138710732,25,Other,PENDING,OVERDUE
1679.5338403761425,57,Services,In Progress,OVERDUE
4068.3847846877106,28,Other,In Progress,PAID
1347.739208342443,2,Services,PENDING,PAID
3439.3633388972535,35,Consulting,Completed,OVERDUE
3825.116513459464,37,Maintenance,In Progress,OVERDUE
3018.6298289784368,5,Other,In Progress,PAID
2410.723323895776,1,Freelance,Delayed,CANCELLED
2118.0204793216158,40,Consulting,Delayed,CANCELLED
1809.454506060677,12,Maintenance,Completed,OVERDUE
4654.692806814347,56,Freelance,PENDING,OVERDUE
4170.035098159873,36,Products,Completed,OVERDUE
4828.631862265912,45,Freelance,PENDING,OVERDUE
709.0563950791692,23,Services,In Progress,PAID
3681.2506284978567,47,Services,Delayed,OVERDUE
4697.868238423085,31,Products,Completed,OVERDUE
988.0420242117348,11,Consulting,Completed,CANCELLED
425.83171009720974,10,Maintenance,PENDING,PAID
3731.4911815212895,3,Freelance,PENDING,PAID
2914.9182545815684,54,Services,Completed,OVERDUE
4224.961006115533,14,Consulting,PENDING,PAID
784.8846454688186,16,Products,Completed,PAID
3996.809828113462,10,Other,Completed,CANCELLED
1087.9738682339482,29,Services,Completed,PAID
901.9141200419521,10,Products,In Progress,PAID
904.9024098618654,12,Freelance,PENDING,PAID
4091.4161291337723,30,Maintenance,Delayed,PAID
3359.4663814113806,41,Services,Delayed,OVERDUE
2663.020581368685,1,Services,PENDING,OVERDUE
1858.2693722051622,5,Freelance,Completed,OVERDUE
4398.28264998423,20,Other,Delayed,PAID
2022.9810263709135,8,Consulting,Delayed,PAID
4101.3372534107275,43,Maintenance,PENDING,OVERDUE
2251.7610519940704,12,Services,Delayed,OVERDUE
1947.027704182047,1,Maintenance,Completed,PAID
2367.1309497810716,57,Services,PENDING,OVERDUE
1576.7515834042963,54,Maintenance,Completed,OVERDUE
3763.2859628636306,20,Products,Delayed,OVERDUE
2563.329911453148,28,Services,Delayed,PAID
1237.8422062194047,57,Maintenance,Completed,PAID
4507.915409045386,43,Consulting,In Progress,OVERDUE
1981.0669847287359,37,Products,Delayed,OVERDUE
2763.409019458544,47,Products,In Progress,OVERDUE
4541.71334372628,37,Consulting,Delayed,CANCELLED
3158.7661799785615,12,Maintenance,In Progress,PAID
672.800399470984,37,Freelance,In Progress,CANCELLED
4705.177405706028,49,Consulting,In Progress,CANCELLED
3175.7694600499476,49,Maintenance,Completed,OVERDUE
1741.037511819722,56,Consulting,In Progress,OVERDUE
782.4331560505975,44,Consulting,In Progress,PAID
3990.72342742445,56,Services,In Progress,CANCELLED
3138.356504049716,28,Maintenance,Delayed,OVERDUE
2713.9593506839756,47,Freelance,In Progress,OVERDUE
4480.073656949692,15,Services,Delayed,OVERDUE
3964.1263350002005,6,Consulting,In Progress,CANCELLED
843.2069106904808,44,Other,In Progress,PAID
1627.4381321981864,59,Consulting,Completed,PAID
1317.5967850908821,20,Consulting,Delayed,OVERDUE
3745.336833606117,50,Maintenance,In Progress,CANCELLED
264.308930205319,14,Maintenance,Delayed,PAID
2892.459455869451,2,Services,Delayed,PAID
3836.047560129384,9,Freelance,PENDING,PAID
4396.151620132572,37,Services,Completed,OVERDUE
1776.2005687079466,20,Products,Completed,PAID
4124.160792892862,26,Consulting,Completed,CANCELLED
642.0955110805154,29,Other,PENDING,PAID
4247.616229499139,1,Consulting,PENDING,OVERDUE
724.6944454267139,55,Consulting,Completed,PAID
2046.7077237457995,35,Services,PENDING,OVERDUE
4006.747292319813,6,Other,PENDING,PAID
834.5953940089915,37,Other,PENDING,PAID
1223.3318366399433,53,Other,Completed,OVERDUE
3639.0375851260246,59,Services,Completed,CANCELLED
3628.1790290757644,5,Consulting,Completed,OVERDUE
3241.623401137957,33,Services,PENDING,CANCELLED
3500.34737788879,49,Maintenance,Completed,CANCELLED
2759.3497724032213,51,Maintenance,PENDING,OVERDUE
1333.8153886440684,14,Services,In Progress,OVERDUE
1793.9103681692052,12,Other,PENDING,OVERDUE
989.8288123269858,42,Consulting,Delayed,PAID
4551.407750534779,20,Services,Completed,OVERDUE
2958.61979435399,53,Services,Completed,OVERDUE
2064.1719421418356,50,Services,Delayed,OVERDUE
2363.8284378562503,24,Products,PENDING,OVERDUE
4741.688364097895,59,Maintenance,In Progress,OVERDUE
851.421875268793,43,Other,Delayed,PAID
2972.5261768823066,34,Freelance,Delayed,CANCELLED
2578.8545265338835,25,Other,PENDING,OVERDUE
3096.1257536297744,50,Freelance,Completed,OVERDUE
188.73990072211848,29,Products,PENDING,PAID
4373.407153826342,57,Services,Delayed,OVERDUE
4667.379584169701,39,Products,Delayed,OVERDUE
2869.152599587124,31,Products,Completed,CANCELLED
3513.589036996772,56,Consulting,Completed,OVERDUE
4620.246967768749,47,Maintenance,Completed,OVERDUE
3565.469308135653,43,Freelance,PENDING,CANCELLED
847.4413102798806,50,Services,Completed,OVERDUE
2923.8129648173845,23,Freelance,Delayed,PAID
3072.903727275994,44,Other,Delayed,OVERDUE
2178.2402893816916,38,Freelance,In Progress,OVERDUE
3708.576754561142,20,Other,PENDING,OVERDUE
4678.398372368173,23,Maintenance,In Progress,OVERDUE
4635.285713243204,45,Other,Delayed,OVERDUE
2309.1129198802473,52,Freelance,In Progress,CANCELLED
654.8664246197008,16,Freelance,Delayed,OVERDUE
4925.721874915439,50,Other,In Progress,OVERDUE
4210.600623585077,42,Products,Completed,OVERDUE
710.8471378960076,55,Maintenance,In Progress,PAID
4612.125224825124,8,Consulting,Completed,PAID
4362.492174104428,50,Services,Completed,OVERDUE
2642.306479917753,21,Freelance,PENDING,OVERDUE
2997.249635150153,1,Services,Completed,PAID
2055.1132489636384,55,Consulting,Completed,OVERDUE
368.3320302279535,8,Services,In Progress,PAID
1742.4664840649145,29,Consulting,Delayed,PAID
4033.981898130256,32,Other,PENDING,OVERDUE
122.696912722554,38,Products,Completed,PAID
1734.1459412866066,5,Freelance,PENDING,PAID
2051.026598595622,47,Consulting,In Progress,CANCELLED
2733.238454395822,22,Services,Completed,PAID
4607.292520422527,47,Freelance,In Progress,OVERDUE
1797.09537239321,34,Products,PENDING,PAID
1800.0706892915157,1,Other,In Progress,CANCELLED
3713.7561157377672,55,Freelance,PENDING,OVERDUE
2315.8679103600552,55,Consulting,In Progress,OVERDUE
1200.5636324059117,26,Products,PENDING,PAID
2316.953629050198,43,Services,Delayed,OVERDUE
790.1993998610193,10,Products,In Progress,PAID
964.2962338804942,30,Products,In Progress,OVERDUE
2542.0020864234507,50,Maintenance,Delayed,OVERDUE
2152.7347025722847,18,Products,Delayed,PAID
4582.74491523369,17,Products,In Progress,OVERDUE
1875.7301056715023,26,Freelance,Delayed,PAID
2944.8829163624127,8,Services,Completed,PAID
3198.0950108056986,47,Freelance,PENDING,OVERDUE
164.1628372828348,40,Freelance,PENDING,OVERDUE
3351.333122881882,49,Consulting,PENDING,OVERDUE
972.3762376617819,12,Freelance,Completed,OVERDUE
4809.24455560033,27,Maintenance,Delayed,OVERDUE
828.4473659902535,8,Maintenance,Delayed,PAID
2131.6582062624166,25,Consulting,In Progress,CANCELLED
518.2133735853549,46,Other,Delayed,PAID
4984.683834045142,4,Services,In Progress,PAID
2560.7555506230888,33,Services,Completed,CANCELLED
3017.3865848682144,1,Freelance,PENDING,OVERDUE
428.6747392032947,19,Freelance,PENDING,PAID
3774.806304955971,31,Other,PENDING,OVERDUE
1128.5374061683701,16,Freelance,Delayed,PAID
4500.466018259497,14,Services,In Progress,OVERDUE
1105.184238361835,53,Products,In Progress,PAID
1034.3698312519662,48,Maintenance,Completed,PAID
279.0933724556649,5,Products,Delayed,PAID
2413.128031038996,41,Products,Completed,OVERDUE
2867.7215529868204,26,Services,In Progress,OVERDUE
421.9723331989266,28,Products,In Progress,PAID
3900.0853218055518,2,Other,PENDING,CANCELLED
2321.1152902653353,50,Consulting,Delayed,OVERDUE
2669.512319705142,6,Freelance,In Progress,OVERDUE
2259.7374599973177,9,Consulting,PENDING,PAID
2063.7389982890973,33,Maintenance,Delayed,OVERDUE
2842.2376234102676,41,Freelance,Completed,OVERDUE
860.6772050604912,25,Products,Delayed,PAID
991.4478394268285,48,Maintenance,Delayed,PAID
4322.749542966235,13,Freelance,In Progress,CANCELLED
4735.965764454801,9,Other,In Progress,OVERDUE
1929.2156497707895,53,Other,Delayed,PAID
1426.6488984034136,13,Other,In Progress,PAID
3255.597761871177,31,Other,In Progress,OVERDUE
2102.7974383806722,41,Products,In Progress,OVERDUE
224.39314273568982,11,Consulting,PENDING,PAID
865.1477270943327,4,Freelance,PENDING,CANCELLED
3608.263921352248,34,Products,Delayed,OVERDUE
3328.7273153597416,38,Other,In Progress,OVERDUE
232.77036326706911,46,Consulting,PENDING,PAID
1187.6635934714523,4,Maintenance,Delayed,OVERDUE
1232.2665032815498,38,Maintenance,In Progress,PAID
3392.2744436337694,19,Maintenance,Completed,OVERDUE
196.58163499638437,6,Other,In Progress,PAID
610.1320517244119,34,Maintenance,In Progress,PAID
4019.588818328628,18,Services,PENDING,OVERDUE
974.8688440662347,13,Freelance,Delayed,PAID
3298.455928474186,41,Freelance,Delayed,OVERDUE
1267.09562712896,23,Other,PENDING,PAID
587.2628245207914,19,Services,In Progress,PAID
1291.543735897325,45,Products,Completed,CANCELLED
3639.10796609273,11,Products,In Progress,OVERDUE
4292.9126937208,1,Maintenance,In Progress,OVERDUE
4168.077336378259,24,Consulting,Completed,PAID
2046.1992951304287,54,Products,PENDING,CANCELLED
3373.6171691961663,7,Consulting,Delayed,PAID
1104.4230475375227,25,Freelance,PENDING,OVERDUE
1536.423878278965,21,Consulting,PENDING,PAID
4492.045510753487,15,Freelance,In Progress,CANCELLED
163.70942520260658,1,Services,Delayed,OVERDUE
518.9918011868936,12,Services,Delayed,OVERDUE
1118.6426502155339,58,Other,PENDING,PAID
230.0077989817166,7,Other,Completed,PAID
989.0336319400068,15,Maintenance,PENDING,OVERDUE
2956.903648751492,21,Products,Completed,PAID
2164.98029790324,19,Maintenance,Delayed,OVERDUE
4474.091384277177,29,Freelance,PENDING,PAID
4105.47345251836,25,Maintenance,In Progress,PAID
1774.9050233195921,33,Consulting,PENDING,CANCELLED
1371.1748238133332,49,Freelance,Delayed,OVERDUE
1960.4928000196078,32,Other,In Progress,PAID
2992.445218322558,49,Services,In Progress,OVERDUE
1413.5118400320937,35,Other,Completed,PAID
3158.3296484607567,44,Products,In Progress,CANCELLED
2106.1170957370778,38,Freelance,In Progress,OVERDUE
2805.031186174703,26,Freelance,PENDING,CANCELLED
2237.019992763052,11,Consulting,Delayed,OVERDUE
1542.8822217553966,35,Products,Completed,PAID
4747.421204114567,8,Services,PENDING,OVERDUE
3841.668391382828,46,Freelance,In Progress,OVERDUE
786.5545612556175,14,Freelance,In Progress,PAID
4355.493081899773,10,Consulting,Completed,CANCELLED
2488.4128714226167,2,Maintenance,Delayed,PAID
4483.305911781048,46,Services,Completed,OVERDUE
4019.2907541418444,9,Other,PENDING,PAID
2183.5461718992437,3,Products,Completed,PAID
210.09961076857525,21,Freelance,In Progress,PAID
1416.519060986236,26,Freelance,PENDING,OVERDUE
2754.007651838248,8,Other,In Progress,OVERDUE
3204.0432771481214,48,Services,Delayed,OVERDUE
1363.6496586226913,2,Maintenance,In Progress,PAID
782.8447629568383,6,Freelance,In Progress,PAID
4191.158160316565,28,Services,Completed,PAID
4923.570685447406,53,Other,In Progress,OVERDUE
2675.8818932831605,29,Consulting,PENDING,PAID
941.2285006566872,26,Maintenance,PENDING,PAID
1434.3058999449079,25,Products,Delayed,PAID
190.11431508258698,12,Freelance,PENDING,PAID
4580.064152146445,5,Services,Completed,CANCELLED
676.9803061616916,34,Consulting,Delayed,CANCELLED
2924.9307300198425,48,Products,PENDING,OVERDUE
1442.8705813673093,37,Services,Completed,CANCELLED
2815.4722123273878,15,Services,PENDING,OVERDUE
3291.959902924135,44,Products,PENDING,OVERDUE
4165.734838165288,36,Consulting,In Progress,OVERDUE
1111.4642316269558,15,Other,PENDING,OVERDUE
153.87956042655435,43,Consulting,PENDING,PAID
770.7395873371556,48,Maintenance,Completed,OVERDUE
4510.091345055715,23,Freelance,Completed,OVERDUE
4382.061380056325,6,Products,In Progress,PAID
3027.324200634511,46,Other,PENDING,CANCELLED
3042.5326161249013,50,Products,In Progress,CANCELLED
3358.679705276652,44,Products,PENDING,OVERDUE
959.319265254903,59,Consulting,Delayed,OVERDUE
4580.618535032303,43,Freelance,Delayed,OVERDUE
2151.9755719711584,45,Maintenance,In Progress,OVERDUE
1977.3787884225376,21,Services,In Progress,OVERDUE
2642.6967558859037,23,Services,In Progress,PAID
330.13323719776974,43,Products,Completed,PAID
914.7885069047891,55,Freelance,Completed,PAID
3716.364720489215,16,Other,Completed,OVERDUE
505.7134728331197,47,Consulting,In Progress,PAID
3055.445336385302,53,Freelance,PENDING,CANCELLED
1302.2106374384728,15,Freelance,Delayed,PAID
2007.548508805685,25,Consulting,In Progress,OVERDUE
1514.5993101764293,36,Products,Completed,PAID
1842.7963106782508,11,Freelance,Completed,OVERDUE
3623.324935402803,51,Services,In Progress,CANCELLED
1555.8964065535577,15,Consulting,In Progress,CANCELLED
2875.3827374547964,4,Other,Completed,OVERDUE
2432.646970775588,21,Maintenance,PENDING,OVERDUE
3351.988710276976,13,Products,Completed,PAID
4690.465722691314,22,Consulting,Completed,PAID
3689.6032763302264,19,Maintenance,In Progress,PAID
1153.207855094708,34,Maintenance,PENDING,OVERDUE
252.7973618002949,14,Other,Completed,OVERDUE
1385.093817069143,4,Freelance,Completed,PAID
3015.8818604312487,48,Other,Delayed,CANCELLED
351.9864860728267,53,Freelance,In Progress,PAID
2532.1946112860583,52,Freelance,Delayed,OVERDUE
3024.529959692757,46,Consulting,Delayed,OVERDUE
1737.795065003108,27,Consulting,Completed,PAID
3877.4697983545275,29,Products,In Progress,PAID
622.3314403554818,47,Freelance,PENDING,OVERDUE
468.17513050546296,28,Maintenance,Completed,PAID
3668.124905397656,35,Services,PENDING,OVERDUE
2527.9074494103725,8,Products,PENDING,OVERDUE
3473.1717424959065,16,Consulting,In Progress,OVERDUE
2230.6539591583564,42,Other,Delayed,CANCELLED
1307.3699628716233,36,Products,In Progress,PAID
4113.601356603578,30,Products,PENDING,PAID
4017.1378069479983,18,Products,Completed,OVERDUE
3504.012707186691,2,Products,PENDING,PAID
1433.5111724268172,49,Services,Completed,PAID
2992.130267658527,13,Other,Completed,PAID
1868.7720950061314,4,Other,In Progress,PAID
548.7521593005074,26,Other,PENDING,PAID
4594.83651976499,25,Freelance,Delayed,PAID
770.4112915029109,30,Maintenance,PENDING,PAID
4756.163033721932,11,Other,PENDING,PAID
2285.428287493983,7,Products,Delayed,OVERDUE
